{"_runtime": 3086, "_timestamp": 1776408225.1912796, "_step": 24315, "eval/perplexity": 18.637077163097693, "train/global_step": 24300, "train/loss": 3.015075196071907, "train/epoch": 3}